1;Fear Factory;Alternative Rock / Metal
2;Depeche Mode;Art Pop / Synthpop
2;Kate Bush;Art Pop / Synthpop
2;Pet Shop Boys;Art Pop / Synthpop
2;Talk Talk;Art Pop / Synthpop
2;Weyes Blood;Art Pop / Synthpop
4;Agalloch;Black Metal
7;Ensiferum;Death Metal Mélodique
7;In Flames;Death Metal Mélodique
7;Norther;Death Metal Mélodique
7;Insomnium;Death Metal Mélodique
9;Aes Dana;Electro / Ambient
10;Air;Electro / Downtempo
13;ABBA;Folk / Pop / Rock
13;Blondie;Folk / Pop / Rock
13;Leonard Cohen;Folk / Pop / Rock
13;Tori Amos;Folk / Pop / Rock
13;Simon & Garfunkel;Folk / Pop / Rock
13;Bob Dylan;Folk / Pop / Rock
13;The Band;Folk / Pop / Rock
13;Bruce Springsteen;Folk / Pop / Rock
13;Neil Young;Folk / Pop / Rock
29;U2;Pop Rock
16;Eric Johnson;Guitare
16;Joe Satriani;Guitare
16;John Petrucci;Guitare
17;Queensrÿche;Hard Rock / Heavy Metal
18;Eminem;Hip-Hop
18;Kanye West;Hip-Hop
18;Nas;Hip-Hop
18;Noname;Hip-Hop
20;Soda Stereo;Indie Pop / Indie Rock
20;Sonic Youth;Indie Pop / Indie Rock
20;Stephen Malkmus;Indie Pop / Indie Rock
20;Vampire Weekend;Indie Pop / Indie Rock
20;Wild Nothing;Indie Pop / Indie Rock
21;Bill Evans;Jazz / Classique
21;Bill Evans Trio;Jazz / Classique
21;Chick Corea;Jazz / Classique
21;Herbie Hancock;Jazz / Classique
21;John Coltrane;Jazz / Classique
21;Keith Jarrett;Jazz / Classique
21;Keith Jarrett Trio;Jazz / Classique
21;Sonny Clark;Jazz / Classique
21;Sonny Clark Trio;Jazz / Classique
21;Sonny Rollins;Jazz / Classique
24;Leprous;Metal Progressif / Death Metal
31;TC & I;Post-Punk / New Wave
31;Talking Heads;Post-Punk / New Wave
36;Janelle Monáe;R&B
38;Frank Zappa;Rock Progressif
40;Grateful Dead;Rock Psychédélique
2;Eurythmics;Art Pop / Synthpop
38;Gentle Giant;Rock Progressif
36;Frank Ocean;R&B
13;Laurie Anderson;Folk / Pop / Rock
31;Squeeze;Post-Punk / New Wave
21;Ornette Coleman;Jazz / Classique
21;Miles Davis Quintet;Jazz / Classique
17;Van Halen;Hard Rock / Heavy Metal
20;My Morning Jacket;Indie Pop / Indie Rock
13;Joni Mitchell;Folk / Pop / Rock
37;Bob Marley & The Wailers;Reggae
18;The Notorious B.I.G_;Hip-Hop
20;Smog;Indie Pop / Indie Rock
11;YELLE;Electro / Electropop
20;Los Campesinos!;Indie Pop / Indie Rock
13;Harry Nilsson;Folk / Pop / Rock
9;James Blake;Electro / Ambient
20;Daughter;Indie Pop / Indie Rock
19;Kacey Musgraves;Indie Folk
20;The National;Indie Pop / Indie Rock
13;The Rolling Stones;Folk / Pop / Rock
13;David Bowie;Folk / Pop / Rock
18;MC Solaar;Hip-Hop
22;Francesco Bearzatti Tinissima 4et;Jazz / Contemporain
19;Syd Matters;Indie Folk
38;Emerson, Lake & Palmer;Rock Progressif
20;The Radio Dept_;Indie Pop / Indie Rock
13;Al Stewart;Folk / Pop / Rock
31;Gary Numan;Post-Punk / New Wave
27;Jamiroquai;Nu Jazz
36;Mac Miller;R&B
17;Volbeat;Hard Rock / Heavy Metal
20;Wilco;Indie Pop / Indie Rock
24;Gojira;Metal Progressif / Death Metal
20;Camera Obscura;Indie Pop / Indie Rock
42;Curtis Mayfield;Soul / Funk
20;Primal Scream;Indie Pop / Indie Rock
36;The Weeknd;R&B
20;Three Mile Pilot;Indie Pop / Indie Rock
47;Various Artists;Autres
12;Global Communication;Electro / Techno
13;John Cale;Folk / Pop / Rock
21;Kenny Dorham;Jazz / Classique
15;Alice in Chains;Grunge
13;Toto;Folk / Pop / Rock
13;Chicago;Folk / Pop / Rock
20;Nick Cave & The Bad Seeds;Indie Pop / Indie Rock
20;Phoenix;Indie Pop / Indie Rock
42;Jessie Ware;Soul / Funk
40;Love;Rock Psychédélique
20;Silversun Pickups;Indie Pop / Indie Rock
20;Thinking Fellers Union Local 282;Indie Pop / Indie Rock
33;Helloween;Power Metal
20;The Stone Roses;Indie Pop / Indie Rock
43;Portishead;Trip-Hop
13;John Lennon;Folk / Pop / Rock
7;Omnium Gatherum;Death Metal Mélodique
13;Franco Battiato;Folk / Pop / Rock
13;Fleetwood Mac;Folk / Pop / Rock
32;The Sea and Cake;Post-Rock
2;A Flock of Seagulls;Art Pop / Synthpop
13;Bee Gees;Folk / Pop / Rock
13;Crowded House;Folk / Pop / Rock
20;PJ Harvey;Indie Pop / Indie Rock
7;Amorphis;Death Metal Mélodique
35;Streetlight Manifesto;Punk Rock / Ska
17;Deep Purple;Hard Rock / Heavy Metal
21;Sun Ra;Jazz / Classique
19;Fiona Apple;Indie Folk
20;TV on the Radio;Indie Pop / Indie Rock
6;Penguin Cafe Orchestra;Classique Contemporain
20;Unknown Mortal Orchestra;Indie Pop / Indie Rock
31;The Stranglers;Post-Punk / New Wave
21;Thelonious Monk;Jazz / Classique
31;The The;Post-Punk / New Wave
19;Shugo Tokumaru;Indie Folk
29;10,000 Maniacs;Pop Rock
20;Modest Mouse;Indie Pop / Indie Rock
13;Paul McCartney;Folk / Pop / Rock
13;Dire Straits;Folk / Pop / Rock
20;Django Django;Indie Pop / Indie Rock
32;Tortoise;Post-Rock
21;Joe Henderson;Jazz / Classique
20;Peter Bjorn and John;Indie Pop / Indie Rock
20;Sebadoh;Indie Pop / Indie Rock
22;Tord Gustavsen Quartet;Jazz / Contemporain
20;Interpol;Indie Pop / Indie Rock
19;Joanna Newsom;Indie Folk
20;Yo La Tengo;Indie Pop / Indie Rock
39;Frost_;Rock Progressif Moderne
17;Iron Maiden;Hard Rock / Heavy Metal
25;Justice;New Funk
13;The Byrds;Folk / Pop / Rock
20;Violent Femmes;Indie Pop / Indie Rock
8;Katatonia;Doom / Gothic Metal
12;The Orb;Electro / Techno
38;Electric Light Orchestra;Rock Progressif
28;Blues Brothers;OST
38;Focus;Rock Progressif
10;Sébastien Tellier;Electro / Downtempo
41;Red House Painters;Slowcore
20;Everything Everything;Indie Pop / Indie Rock
11;Robyn;Electro / Electropop
20;Hot Chip;Indie Pop / Indie Rock
20;Mew;Indie Pop / Indie Rock
14;Daniel Balavoine;FR
23;Esbjörn Svensson Trio;Jazz / Piano
14;Jacques Dutronc;FR
32;Mogwai;Post-Rock
20;Caroline Polachek;Indie Pop / Indie Rock
20;Sparklehorse;Indie Pop / Indie Rock
31;Gastr del Sol;Post-Punk / New Wave
22;Avishai Cohen;Jazz / Contemporain
13;Dusty Springfield;Folk / Pop / Rock
20;Real Estate;Indie Pop / Indie Rock
13;Van Morrison;Folk / Pop / Rock
2;The Knife;Art Pop / Synthpop
32;Explosions in the Sky;Post-Rock
13;The Who;Folk / Pop / Rock
11;Kylie Minogue;Electro / Electropop
7;Disillusion;Death Metal Mélodique
44;Chico Buarque;World Music
23;Shai Maestro Trio;Jazz / Piano
13;Cat Stevens;Folk / Pop / Rock
2;Duran Duran;Art Pop / Synthpop
17;Pantera;Hard Rock / Heavy Metal
18;Gang Starr;Hip-Hop
19;Laura Nyro;Indie Folk
19;Sharon Van Etten;Indie Folk
19;Sufjan Stevens;Indie Folk
21;Cannonball Adderley;Jazz / Classique
17;Anthrax;Hard Rock / Heavy Metal
38;Faust;Rock Progressif
20;The Bats;Indie Pop / Indie Rock
13;John Mayer;Folk / Pop / Rock
31;The Sound;Post-Punk / New Wave
20;Weezer;Indie Pop / Indie Rock
21;Oliver Nelson;Jazz / Classique
20;Spoon;Indie Pop / Indie Rock
30;Neurosis;Post-Metal
36;Jamila Woods;R&B
13;Neil Young & Crazy Horse;Folk / Pop / Rock
13;Nick Drake;Folk / Pop / Rock
38;Robert Wyatt;Rock Progressif
16;Andy McKee;Guitare
20;Tame Impala;Indie Pop / Indie Rock
20;Guided by Voices;Indie Pop / Indie Rock
13;The Police;Folk / Pop / Rock
13;Suzanne Vega;Folk / Pop / Rock
38;Moondog;Rock Progressif
20;Makthaverskan;Indie Pop / Indie Rock
13;T. Rex;Folk / Pop / Rock
38;Rush;Rock Progressif
20;My Bloody Valentine;Indie Pop / Indie Rock
20;Dinosaur Jr_;Indie Pop / Indie Rock
20;Stephen Malkmus and the Jicks;Indie Pop / Indie Rock
2;Tears for Fears;Art Pop / Synthpop
23;Baptiste Trotignon;Jazz / Piano
7;Dark Tranquillity;Death Metal Mélodique
20;American Football;Indie Pop / Indie Rock
14;Michel Fugain;FR
13;Ben Folds;Folk / Pop / Rock
43;Massive Attack;Trip-Hop
20;Alvvays;Indie Pop / Indie Rock
21;Art Blakey & The Jazz Messengers;Jazz / Classique
42;The Ronettes;Soul / Funk
38;Yes;Rock Progressif
42;Marvin Gaye;Soul / Funk
7;Amon Amarth;Death Metal Mélodique
14;Ruth;FR
30;Gamma Ray;Post-Metal
31;Killing Joke;Post-Punk / New Wave
14;Dogs;FR
5;Oasis;Britpop
34;The Clash;Punk / Post-Hardcore
14;Jacqueline Taïeb;FR
20;Third Eye Blind;Indie Pop / Indie Rock
20;Deerhunter;Indie Pop / Indie Rock
20;Galaxie 500;Indie Pop / Indie Rock
40;The Jimi Hendrix Experience;Rock Psychédélique
20;Stereolab;Indie Pop / Indie Rock
23;Baptiste Trotignon, Minino Garay;Jazz / Piano
11;Carly Rae Jepsen;Electro / Electropop
21;Max Roach & Clifford Brown;Jazz / Classique
20;The Verve;Indie Pop / Indie Rock
13;Johnny Cash;Folk / Pop / Rock
14;Claude Nougaro;FR
28;久石譲;OST
39;Porcupine Tree;Rock Progressif Moderne
36;FKA twigs;R&B
13;Townes Van Zandt;Folk / Pop / Rock
19;Phoebe Bridgers;Indie Folk
11;Billie Eilish;Electro / Electropop
20;Pond;Indie Pop / Indie Rock
43;Archive;Trip-Hop
36;Grimes;R&B
20;Super Furry Animals;Indie Pop / Indie Rock
13;The Waterboys;Folk / Pop / Rock
13;Ringo Starr;Folk / Pop / Rock
13;The Velvet Underground;Folk / Pop / Rock
33;Stratovarius;Power Metal
16;Buckethead;Guitare
20;Beat Happening;Indie Pop / Indie Rock
34;Fugazi;Punk / Post-Hardcore
14;Asylum Party;FR
20;Japanese Breakfast;Indie Pop / Indie Rock
29;Coldplay;Pop Rock
13;Donovan;Folk / Pop / Rock
33;HammerFall;Power Metal
20;Yellowcard;Indie Pop / Indie Rock
13;Jackson Browne;Folk / Pop / Rock
39;Marillion;Rock Progressif Moderne
22;The Comet Is Coming;Jazz / Contemporain
1;Nine Inch Nails;Alternative Rock / Metal
31;Cardiacs;Post-Punk / New Wave
13;George Harrison;Folk / Pop / Rock
43;Mocky;Trip-Hop
13;10cc;Folk / Pop / Rock
34;Drive Like Jehu;Punk / Post-Hardcore
20;The War on Drugs;Indie Pop / Indie Rock
13;The Kinks;Folk / Pop / Rock
24;Primordial;Metal Progressif / Death Metal
21;Dexter Gordon;Jazz / Classique
14;Francis Cabrel;FR
2;St. Vincent;Art Pop / Synthpop
19;Andrew Bird;Indie Folk
36;Childish Gambino;R&B
31;The Church;Post-Punk / New Wave
17;Black Sabbath;Hard Rock / Heavy Metal
45;The Dukes of Stratosphear;XTC
28;Christopher Larkin;OST
4;Alcest;Black Metal
20;The Strokes;Indie Pop / Indie Rock
20;Teenage Fanclub;Indie Pop / Indie Rock
18;MF DOOM;Hip-Hop
38;Jethro Tull;Rock Progressif
31;The Chameleons;Post-Punk / New Wave
13;Iggy Pop;Folk / Pop / Rock
11;Taylor Swift;Electro / Electropop
42;George Benson;Soul / Funk
20;Grandaddy;Indie Pop / Indie Rock
20;Ted Leo and the Pharmacists;Indie Pop / Indie Rock
19;Aimee Mann;Indie Folk
23;Chris Thile & Brad Mehldau;Jazz / Piano
20;Yves Tumor;Indie Pop / Indie Rock
6;Jan Johansson;Classique Contemporain
24;Opeth;Metal Progressif / Death Metal
20;Spiritualized;Indie Pop / Indie Rock
20;The Go! Team;Indie Pop / Indie Rock
31;Tuxedomoon;Post-Punk / New Wave
7;In Mourning;Death Metal Mélodique
20;Broken Social Scene;Indie Pop / Indie Rock
43;Nujabes;Trip-Hop
36;Blood Orange;R&B
20;Broadcast;Indie Pop / Indie Rock
32;Flying Saucer Attack;Post-Rock
24;Tool;Metal Progressif / Death Metal
42;William Onyeabor;Soul / Funk
20;Sugar;Indie Pop / Indie Rock
13;Steely Dan;Folk / Pop / Rock
24;Devin Townsend;Metal Progressif / Death Metal
1;Rammstein;Alternative Rock / Metal
1;X JAPAN;Alternative Rock / Metal
24;Thy Catafalque;Metal Progressif / Death Metal
5;James;Britpop
7;Wintersun;Death Metal Mélodique
19;Panda Bear;Indie Folk
14;Feu! Chatterton;FR
20;The Sundays;Indie Pop / Indie Rock
31;Clinic;Post-Punk / New Wave
2;Fever Ray;Art Pop / Synthpop
24;Death;Metal Progressif / Death Metal
13;Lou Reed;Folk / Pop / Rock
20;Mitski;Indie Pop / Indie Rock
34;Hüsker Dü;Punk / Post-Hardcore
20;Arcade Fire;Indie Pop / Indie Rock
13;Murray Head;Folk / Pop / Rock
20;Ween;Indie Pop / Indie Rock
17;Mercyful Fate;Hard Rock / Heavy Metal
2;Björk;Art Pop / Synthpop
20;The Temper Trap;Indie Pop / Indie Rock
6;Ólafur Arnalds;Classique Contemporain
38;Pink Floyd;Rock Progressif
31;My Dad Is Dead;Post-Punk / New Wave
17;King Diamond;Hard Rock / Heavy Metal
18;IAM;Hip-Hop
22;Snarky Puppy;Jazz / Contemporain
44;Habib Koité & Eric Bibb;World Music
4;Ulver;Black Metal
20;Brand New;Indie Pop / Indie Rock
10;General Elektriks;Electro / Downtempo
10;Lemon Jelly;Electro / Downtempo
38;Cluster;Rock Progressif
19;Adrianne Lenker;Indie Folk
38;King Crimson;Rock Progressif
34;Cave In;Punk / Post-Hardcore
9;Jon Hopkins;Electro / Ambient
20;Kings of Leon;Indie Pop / Indie Rock
10;M83;Electro / Downtempo
13;Marty Robbins;Folk / Pop / Rock
20;Yuck;Indie Pop / Indie Rock
20;Radiohead;Indie Pop / Indie Rock
8;Tiamat;Doom / Gothic Metal
20;Owen Pallett;Indie Pop / Indie Rock
20;Rolling Blackouts Coastal Fever;Indie Pop / Indie Rock
13;Queen;Folk / Pop / Rock
42;Chic;Soul / Funk
24;Devin Townsend Project;Metal Progressif / Death Metal
28;Lena Raine;OST
20;Rilo Kiley;Indie Pop / Indie Rock
13;The Beach Boys;Folk / Pop / Rock
20;Mac DeMarco;Indie Pop / Indie Rock
6;Rob Costlow;Classique Contemporain
20;The New Pornographers;Indie Pop / Indie Rock
20;Girls;Indie Pop / Indie Rock
14;France Gall;FR
31;Magazine;Post-Punk / New Wave
31;Second Layer;Post-Punk / New Wave
13;Santana;Folk / Pop / Rock
24;Animals as Leaders;Metal Progressif / Death Metal
18;Warren G;Hip-Hop
20;Allo Darlin’;Indie Pop / Indie Rock
28;Jon Brion;OST
6;Chilly Gonzales;Classique Contemporain
6;Peter Broderick;Classique Contemporain
20;Fleet Foxes;Indie Pop / Indie Rock
20;Slowdive;Indie Pop / Indie Rock
26;Phil Spector;Noël
13;Stevie Nicks;Folk / Pop / Rock
10;Rone;Electro / Downtempo
20;The Shins;Indie Pop / Indie Rock
44;Buena Vista Social Club;World Music
20;Cloud Nothings;Indie Pop / Indie Rock
6;Kiasmos;Classique Contemporain
19;Kings of Convenience;Indie Folk
13;Michael Jackson;Folk / Pop / Rock
20;The Feelies;Indie Pop / Indie Rock
14;Maxime Le Forestier;FR
45;Andy Partridge;XTC
20;Jellyfish;Indie Pop / Indie Rock
25;Daft Punk;New Funk
11;Dua Lipa;Electro / Electropop
20;Concrete Blonde;Indie Pop / Indie Rock
39;Lazuli;Rock Progressif Moderne
38;Genesis;Rock Progressif
7;Children of Bodom;Death Metal Mélodique
17;Led Zeppelin;Hard Rock / Heavy Metal
7;Be'lakor;Death Metal Mélodique
22;Jaco Pastorius;Jazz / Contemporain
39;Blackfield;Rock Progressif Moderne
17;Grave Digger;Hard Rock / Heavy Metal
17;Megadeth;Hard Rock / Heavy Metal
31;Siouxsie and the Banshees;Post-Punk / New Wave
21;The Horace Silver Quintet & The Horace Silver Trio;Jazz / Classique
20;Silver Jews;Indie Pop / Indie Rock
13;The Pretenders;Folk / Pop / Rock
2;Metronomy;Art Pop / Synthpop
8;The Gathering;Doom / Gothic Metal
14;Noir Désir;FR
20;Ride;Indie Pop / Indie Rock
13;The Doors;Folk / Pop / Rock
21;Charles Mingus;Jazz / Classique
22;The Bad Plus;Jazz / Contemporain
23;Brad Mehldau;Jazz / Piano
47;Compilations;Autres
13;Vashti Bunyan;Folk / Pop / Rock
20;The Chills;Indie Pop / Indie Rock
21;The Clifford Brown–Max Roach Quintet;Jazz / Classique
13;Peter Gabriel;Folk / Pop / Rock
14;Nino Ferrer;FR
14;Serge Gainsbourg;FR
10;The Avalanches;Electro / Downtempo
20;Julian Cope;Indie Pop / Indie Rock
31;The Fall;Post-Punk / New Wave
20;Robyn Hitchcock;Indie Pop / Indie Rock
19;The Mountain Goats;Indie Folk
31;DEVO;Post-Punk / New Wave
19;Neko Case;Indie Folk
5;Blur;Britpop
19;EELS;Indie Folk
20;Washed Out;Indie Pop / Indie Rock
2;Bauhaus;Art Pop / Synthpop
29;Red Hot Chili Peppers;Pop Rock
24;The Devin Townsend Band;Metal Progressif / Death Metal
6;Yann Tiersen;Classique Contemporain
23;Shai Maestro;Jazz / Piano
20;The Postal Service;Indie Pop / Indie Rock
20;The Jesus and Mary Chain;Indie Pop / Indie Rock
10;Gorillaz;Electro / Downtempo
21;Pharoah Sanders;Jazz / Classique
16;Racer X;Guitare
7;Before the Dawn;Death Metal Mélodique
31;The Cure;Post-Punk / New Wave
24;Orphaned Land;Metal Progressif / Death Metal
13;Paul Simon;Folk / Pop / Rock
10;Ratatat;Electro / Downtempo
30;Isis;Post-Metal
22;Pat Metheny Group;Jazz / Contemporain
20;glass beach;Indie Pop / Indie Rock
23;Joey Alexander;Jazz / Piano
13;Randy Newman;Folk / Pop / Rock
21;Kenny Burrell;Jazz / Classique
20;Cat Power;Indie Pop / Indie Rock
18;Akhenaton;Hip-Hop
33;Blind Guardian;Power Metal
13;Styx;Folk / Pop / Rock
38;Kansas;Rock Progressif
31;Wire;Post-Punk / New Wave
20;Sweet Trip;Indie Pop / Indie Rock
23;Brad Mehldau Trio;Jazz / Piano
36;Gnarls Barkley;R&B
32;God Is an Astronaut;Post-Rock
13;Carole King;Folk / Pop / Rock
18;Deltron 3030;Hip-Hop
17;UFO;Hard Rock / Heavy Metal
4;Les Discrets _ Alcest;Black Metal
20;The Olivia Tremor Control;Indie Pop / Indie Rock
20;The Notwist;Indie Pop / Indie Rock
27;GoGo Penguin;Nu Jazz
8;Anathema;Doom / Gothic Metal
22;Avishai Cohen Trio;Jazz / Contemporain
31;Wipers;Post-Punk / New Wave
25;L'Impératrice;New Funk
2;LCD Soundsystem;Art Pop / Synthpop
21;McCoy Tyner;Jazz / Classique
20;The Teardrop Explodes;Indie Pop / Indie Rock
20;Beulah;Indie Pop / Indie Rock
42;The Righteous Brothers;Soul / Funk
42;Bill Withers;Soul / Funk
21;Wayne Shorter;Jazz / Classique
16;Paul Gilbert;Guitare
35;Jeff Rosenstock;Punk Rock / Ska
20;The Replacements;Indie Pop / Indie Rock
45;XTC;XTC
13;The High Llamas;Folk / Pop / Rock
20;The Beta Band;Indie Pop / Indie Rock
35;NOFX;Punk Rock / Ska
14;Georges Brassens;FR
20;Mansun;Indie Pop / Indie Rock
18;Ice Cube;Hip-Hop
21;Hank Mobley;Jazz / Classique
20;Electrelane;Indie Pop / Indie Rock
11;Katy Perry;Electro / Electropop
20;The Lemonheads;Indie Pop / Indie Rock
34;Thrice;Punk / Post-Hardcore
20;Mercury Rev;Indie Pop / Indie Rock
17;Michael Schenker Group;Hard Rock / Heavy Metal
13;Cheap Trick;Folk / Pop / Rock
11;CHVRCHΞS;Electro / Electropop
42;Stevie Wonder;Soul / Funk
20;IDLES;Indie Pop / Indie Rock
32;This Will Destroy You;Post-Rock
19;Bill Callahan;Indie Folk
22;Tord Gustavsen Trio;Jazz / Contemporain
2;Lorde;Art Pop / Synthpop
36;Estelle;R&B
20;Gustavo Cerati;Indie Pop / Indie Rock
23;Vince Guaraldi;Jazz / Piano
13;Gene Clark;Folk / Pop / Rock
13;The Monkees;Folk / Pop / Rock
2;Japan;Art Pop / Synthpop
1;Faith No More;Alternative Rock / Metal
42;Allen Toussaint;Soul / Funk
44;Enya;World Music
20;Kurt Vile;Indie Pop / Indie Rock
31;Siekiera;Post-Punk / New Wave
20;Beck;Indie Pop / Indie Rock
21;The Horace Silver Quintet;Jazz / Classique
24;Myrath;Metal Progressif / Death Metal
23;Abdullah Ibrahim;Jazz / Piano
28;Angelo Badalamenti;OST
25;Breakbot;New Funk
22;Pat Metheny;Jazz / Contemporain
20;The Field Mice;Indie Pop / Indie Rock
13;Blue Öyster Cult;Folk / Pop / Rock
9;Carbon Based Lifeforms;Electro / Ambient
20;The Smashing Pumpkins;Indie Pop / Indie Rock
31;The B‐52s;Post-Punk / New Wave
42;Lee Fields & The Expressions;Soul / Funk
13;Brian Eno;Folk / Pop / Rock
21;Freddie Hubbard;Jazz / Classique
20;The Magnetic Fields;Indie Pop / Indie Rock
36;Rhye;R&B
42;Dionne Warwick;Soul / Funk
7;Cormorant;Death Metal Mélodique
13;Big Star;Folk / Pop / Rock
42;Aretha Franklin;Soul / Funk
20;CAKE;Indie Pop / Indie Rock
11;Jamie xx;Electro / Electropop
20;The Breeders;Indie Pop / Indie Rock
19;Animal Collective;Indie Folk
20;Julia Holter;Indie Pop / Indie Rock
41;Low;Slowcore
31;CCCP Fedeli alla linea;Post-Punk / New Wave
17;Metallica;Hard Rock / Heavy Metal
14;Brel, Brassens, Ferré;FR
22;Ibrahim Maalouf;Jazz / Contemporain
2;La Femme;Art Pop / Synthpop
42;Sister Sledge;Soul / Funk
19;Elliott Smith;Indie Folk
2;New Order;Art Pop / Synthpop
20;Built to Spill;Indie Pop / Indie Rock
5;Pulp;Britpop
13;Supertramp;Folk / Pop / Rock
20;They Might Be Giants;Indie Pop / Indie Rock
20;Japandroids;Indie Pop / Indie Rock
12;The Chemical Brothers;Electro / Techno
14;Renaud;FR
20;The Smiths;Indie Pop / Indie Rock
20;Purple Mountains;Indie Pop / Indie Rock
13;4 Non Blondes;Folk / Pop / Rock
11;Kero Kero Bonito;Electro / Electropop
38;Camel;Rock Progressif
20;Yeah Yeah Yeahs;Indie Pop / Indie Rock
11;MGMT;Electro / Electropop
34;Unwound;Punk / Post-Hardcore
32;65daysofstatic;Post-Rock
33;Haggard;Power Metal
22;Weather Report;Jazz / Contemporain
13;Derek and the Dominos;Folk / Pop / Rock
13;Men at Work;Folk / Pop / Rock
20;The Flaming Lips;Indie Pop / Indie Rock
9;Aphex Twin;Electro / Ambient
31;Joy Division;Post-Punk / New Wave
13;Elton John;Folk / Pop / Rock
21;Lee Morgan;Jazz / Classique
17;Judas Priest;Hard Rock / Heavy Metal
41;Duster;Slowcore
11;SOPHIE;Electro / Electropop
21;Ahmad Jamal;Jazz / Classique
31;Joe Jackson;Post-Punk / New Wave
20;The Walkmen;Indie Pop / Indie Rock
17;Slayer;Hard Rock / Heavy Metal
22;George Duke;Jazz / Contemporain
36;Kelela;R&B
20;Pinback;Indie Pop / Indie Rock
8;Moonspell;Doom / Gothic Metal
8;Paradise Lost;Doom / Gothic Metal
13;Roxy Music;Folk / Pop / Rock
23;Lynne Arriale Trio;Jazz / Piano
17;Scorpions;Hard Rock / Heavy Metal
20;Pavement;Indie Pop / Indie Rock
28;Calum Bowen;OST
19;Aldous Harding;Indie Folk
13;Steve Winwood;Folk / Pop / Rock
29;Wir sind Helden;Pop Rock
38;Can;Rock Progressif
20;Foals;Indie Pop / Indie Rock
14;Indochine;FR
22;Rahsaan Roland Kirk;Jazz / Contemporain
9;Boards of Canada;Electro / Ambient
31;Mission of Burma;Post-Punk / New Wave
20;Morrissey;Indie Pop / Indie Rock
14;Charles Aznavour;FR
20;WHY_;Indie Pop / Indie Rock
2;Passion Pit;Art Pop / Synthpop
31;Кино;Post-Punk / New Wave
24;Dream Theater;Metal Progressif / Death Metal
21;Dave Brubeck;Jazz / Classique
27;Aufgang;Nu Jazz
20;The Pains of Being Pure at Heart;Indie Pop / Indie Rock
13;The Walker Brothers;Folk / Pop / Rock
7;Ghost Brigade;Death Metal Mélodique
31;Nick Lowe;Post-Punk / New Wave
13;Hoodoo Gurus;Folk / Pop / Rock
13;The Pogues;Folk / Pop / Rock
13;Bryan Adams;Folk / Pop / Rock
35;Die Ärzte;Punk Rock / Ska
20;Life Without Buildings;Indie Pop / Indie Rock
20;Deerhoof;Indie Pop / Indie Rock
14;Michel Berger;FR
13;Graham Nash;Folk / Pop / Rock
20;Portugal. The Man;Indie Pop / Indie Rock
31;Television;Post-Punk / New Wave
10;Tycho;Electro / Downtempo
39;Steven Wilson;Rock Progressif Moderne
13;Scott Walker;Folk / Pop / Rock
20;Have a Nice Life;Indie Pop / Indie Rock
20;Belle and Sebastian;Indie Pop / Indie Rock
32;Caspian;Post-Rock
2;Kraftwerk;Art Pop / Synthpop
20;Bombay Bicycle Club;Indie Pop / Indie Rock
22;Robert Glasper;Jazz / Contemporain
5;Travis;Britpop
19;16 Horsepower;Indie Folk
42;Donna Summer;Soul / Funk
20;Death Cab for Cutie;Indie Pop / Indie Rock
20;Cocteau Twins;Indie Pop / Indie Rock
10;Dan Deacon;Electro / Downtempo
13;Status Quo;Folk / Pop / Rock
20;Everything but the Girl;Indie Pop / Indie Rock
20;The Microphones;Indie Pop / Indie Rock
7;Hypocrisy;Death Metal Mélodique
32;Sigur Rós;Post-Rock
21;Miles Davis;Jazz / Classique
42;Curtis Harding;Soul / Funk
13;Imogen Heap;Folk / Pop / Rock
19;Rome;Indie Folk
38;Rick Wakeman;Rock Progressif
19;M. Ward;Indie Folk
17;Machine Head;Hard Rock / Heavy Metal
13;Billy Joel;Folk / Pop / Rock
21;The Dave Brubeck Quartet;Jazz / Classique
7;At the Gates;Death Metal Mélodique
14;Lizzy Mercier Descloux;FR
20;(Sandy) Alex G;Indie Pop / Indie Rock
20;Gravenhurst;Indie Pop / Indie Rock
13;The Beatles;Folk / Pop / Rock
31;Buzzcocks;Post-Punk / New Wave
12;The Field;Electro / Techno
36;Solange;R&B
31;Echo & The Bunnymen;Post-Punk / New Wave
14;Jacques Brel;FR
33;Nightwish;Power Metal
20;Big Thief;Indie Pop / Indie Rock
14;Jacques Higelin;FR
31;The Cars;Post-Punk / New Wave
5;Suede;Britpop
31;Elvis Costello;Post-Punk / New Wave
20;The Dandy Warhols;Indie Pop / Indie Rock
3;billwurtz;bill wurtz
11;Charli XCX;Electro / Electropop
13;Nits;Folk / Pop / Rock
44;Chico Hamilton;World Music
20;Jim O’Rourke;Indie Pop / Indie Rock
20;R.E.M_;Indie Pop / Indie Rock
27;The Cinematic Orchestra;Nu Jazz
20;dEUS;Indie Pop / Indie Rock
8;Catamenia;Doom / Gothic Metal
8;Sentenced;Doom / Gothic Metal
32;Exsonvaldes;Post-Rock
5;Doves;Britpop
13;Cyndi Lauper;Folk / Pop / Rock
19;Beach House;Indie Folk
20;The Apples in Stereo;Indie Pop / Indie Rock
42;Donny Hathaway;Soul / Funk
13;Eric Clapton;Folk / Pop / Rock
42;Minnie Riperton;Soul / Funk
29;Bruno Mars;Pop Rock
19;Lucinda Williams;Indie Folk
40;King Gizzard & The Lizard Wizard;Rock Psychédélique
38;The Alan Parsons Project;Rock Progressif
20;Metric;Indie Pop / Indie Rock
20;of Montreal;Indie Pop / Indie Rock
20;Pixies;Indie Pop / Indie Rock
19;Lianne La Havas;Indie Folk
2;Orchestral Manoeuvres in the Dark;Art Pop / Synthpop
18;2Pac;Hip-Hop
31;Klaus Mitffoch;Post-Punk / New Wave
24;Between the Buried and Me;Metal Progressif / Death Metal
20;Hard Girls;Indie Pop / Indie Rock
11;Wonder Girls;Electro / Electropop
31;The Sisters of Mercy;Post-Punk / New Wave
13;Big Country;Folk / Pop / Rock
20;The Beths;Indie Pop / Indie Rock
32;toe;Post-Rock
42;Grover Washington, Jr_;Soul / Funk
20;Battles;Indie Pop / Indie Rock
20;Parquet Courts;Indie Pop / Indie Rock
20;The Soft Boys;Indie Pop / Indie Rock
5;Manic Street Preachers;Britpop
40;Syd Barrett;Rock Psychédélique
